ano_censo,dependencia_administrativa,localizacao,situacao_funcionamento,escolas,qt_mat_bas,qt_doc_bas,qt_tur_bas,matriculas_por_escola
1995,Estadual,Rural,Ativa,20718,0.0,0.0,0.0,0.0
1995,Estadual,Rural,Extinto,204,0.0,0.0,0.0,0.0
1995,Estadual,Rural,Paralisado,1550,0.0,0.0,0.0,0.0
1995,Estadual,Urbana,Ativa,30187,0.0,0.0,0.0,0.0
1995,Estadual,Urbana,Extinto,52,0.0,0.0,0.0,0.0
1995,Estadual,Urbana,Paralisado,301,0.0,0.0,0.0,0.0
1995,Federal,Rural,Ativa,133,0.0,0.0,0.0,0.0
1995,Federal,Rural,Extinto,1,0.0,0.0,0.0,0.0
1995,Federal,Rural,Paralisado,47,0.0,0.0,0.0,0.0
1995,Federal,Urbana,Ativa,143,0.0,0.0,0.0,0.0
1995,Federal,Urbana,Extinto,3,0.0,0.0,0.0,0.0
1995,Federal,Urbana,Paralisado,48,0.0,0.0,0.0,0.0
1995,Municipal,Rural,Ativa,116107,0.0,0.0,0.0,0.0
1995,Municipal,Rural,Extinto,2270,0.0,0.0,0.0,0.0
1995,Municipal,Rural,Paralisado,12382,0.0,0.0,0.0,0.0
1995,Municipal,Urbana,Ativa,33606,0.0,0.0,0.0,0.0
1995,Municipal,Urbana,Extinto,476,0.0,0.0,0.0,0.0
1995,Municipal,Urbana,Paralisado,1676,0.0,0.0,0.0,0.0
1995,Municipal,,Extinto,1,0.0,0.0,0.0,0.0
1995,Privada,Rural,Ativa,1122,0.0,0.0,0.0,0.0
1995,Privada,Rural,Extinto,54,0.0,0.0,0.0,0.0
1995,Privada,Rural,Paralisado,135,0.0,0.0,0.0,0.0
1995,Privada,Urbana,Ativa,20339,0.0,0.0,0.0,0.0
1995,Privada,Urbana,Extinto,651,0.0,0.0,0.0,0.0
1995,Privada,Urbana,Paralisado,1431,0.0,0.0,0.0,0.0
1996,Estadual,Rural,Ativa,19277,0.0,0.0,0.0,0.0
1996,Estadual,Rural,Extinto,2498,0.0,0.0,0.0,0.0
1996,Estadual,Rural,Paralisado,1880,0.0,0.0,0.0,0.0
1996,Estadual,Urbana,Ativa,31201,0.0,0.0,0.0,0.0
1996,Estadual,Urbana,Extinto,5107,0.0,0.0,0.0,0.0
1996,Estadual,Urbana,Paralisado,1069,0.0,0.0,0.0,0.0
1996,Federal,Rural,Ativa,195,0.0,0.0,0.0,0.0
1996,Federal,Rural,Extinto,28,0.0,0.0,0.0,0.0
1996,Federal,Rural,Paralisado,83,0.0,0.0,0.0,0.0
1996,Federal,Urbana,Ativa,147,0.0,0.0,0.0,0.0
1996,Federal,Urbana,Extinto,42,0.0,0.0,0.0,0.0
1996,Federal,Urbana,Paralisado,39,0.0,0.0,0.0,0.0
1996,Municipal,Rural,Ativa,120646,0.0,0.0,0.0,0.0
1996,Municipal,Rural,Extinto,9448,0.0,0.0,0.0,0.0
1996,Municipal,Rural,Paralisado,21490,0.0,0.0,0.0,0.0
1996,Municipal,Urbana,Ativa,29830,0.0,0.0,0.0,0.0
1996,Municipal,Urbana,Extinto,2880,0.0,0.0,0.0,0.0
1996,Municipal,Urbana,Paralisado,2800,0.0,0.0,0.0,0.0
1996,Privada,Rural,Ativa,1037,0.0,0.0,0.0,0.0
1996,Privada,Rural,Extinto,160,0.0,0.0,0.0,0.0
1996,Privada,Rural,Paralisado,244,0.0,0.0,0.0,0.0
1996,Privada,Urbana,Ativa,21603,0.0,0.0,0.0,0.0
1996,Privada,Urbana,Extinto,2131,0.0,0.0,0.0,0.0
1996,Privada,Urbana,Paralisado,2896,0.0,0.0,0.0,0.0
1997,Estadual,Rural,Ativa,14791,0.0,0.0,0.0,0.0
1997,Estadual,Rural,Extinto,1688,0.0,0.0,0.0,0.0
1997,Estadual,Rural,Paralisado,2218,0.0,0.0,0.0,0.0
1997,Estadual,Urbana,Ativa,30811,0.0,0.0,0.0,0.0
1997,Estadual,Urbana,Extinto,1664,0.0,0.0,0.0,0.0
1997,Estadual,Urbana,Paralisado,773,0.0,0.0,0.0,0.0
1997,Federal,Rural,Ativa,87,0.0,0.0,0.0,0.0
1997,Federal,Rural,Extinto,58,0.0,0.0,0.0,0.0
1997,Federal,Rural,Paralisado,31,0.0,0.0,0.0,0.0
1997,Federal,Urbana,Ativa,138,0.0,0.0,0.0,0.0
1997,Federal,Urbana,Extinto,12,0.0,0.0,0.0,0.0
1997,Federal,Urbana,Paralisado,36,0.0,0.0,0.0,0.0
1997,Municipal,Rural,Ativa,121727,0.0,0.0,0.0,0.0
1997,Municipal,Rural,Extinto,10473,0.0,0.0,0.0,0.0
1997,Municipal,Rural,Paralisado,21741,0.0,0.0,0.0,0.0
1997,Municipal,Urbana,Ativa,32499,0.0,0.0,0.0,0.0
1997,Municipal,Urbana,Extinto,1976,0.0,0.0,0.0,0.0
1997,Municipal,Urbana,Paralisado,3024,0.0,0.0,0.0,0.0
1997,Privada,Rural,Ativa,994,0.0,0.0,0.0,0.0
1997,Privada,Rural,Extinto,172,0.0,0.0,0.0,0.0
1997,Privada,Rural,Paralisado,173,0.0,0.0,0.0,0.0
1997,Privada,Urbana,Ativa,24473,0.0,0.0,0.0,0.0
1997,Privada,Urbana,Extinto,2188,0.0,0.0,0.0,0.0
1997,Privada,Urbana,Paralisado,2204,0.0,0.0,0.0,0.0
1998,Estadual,Rural,Ativa,10357,0.0,0.0,0.0,0.0
1998,Estadual,Rural,Extinto,1411,0.0,0.0,0.0,0.0
1998,Estadual,Rural,Paralisado,2257,0.0,0.0,0.0,0.0
1998,Estadual,Urbana,Ativa,28608,0.0,0.0,0.0,0.0
1998,Estadual,Urbana,Extinto,653,0.0,0.0,0.0,0.0
1998,Estadual,Urbana,Paralisado,770,0.0,0.0,0.0,0.0
1998,Federal,Rural,Ativa,60,0.0,0.0,0.0,0.0
1998,Federal,Rural,Extinto,4,0.0,0.0,0.0,0.0
1998,Federal,Rural,Paralisado,9,0.0,0.0,0.0,0.0
1998,Federal,Urbana,Ativa,136,0.0,0.0,0.0,0.0
1998,Federal,Urbana,Extinto,5,0.0,0.0,0.0,0.0
1998,Federal,Urbana,Paralisado,14,0.0,0.0,0.0,0.0
1998,Municipal,Rural,Ativa,114061,0.0,0.0,0.0,0.0
1998,Municipal,Rural,Extinto,10148,0.0,0.0,0.0,0.0
1998,Municipal,Rural,Paralisado,28496,0.0,0.0,0.0,0.0
1998,Municipal,Urbana,Ativa,35440,0.0,0.0,0.0,0.0
1998,Municipal,Urbana,Extinto,1694,0.0,0.0,0.0,0.0
1998,Municipal,Urbana,Paralisado,3053,0.0,0.0,0.0,0.0
1998,Privada,Rural,Ativa,781,0.0,0.0,0.0,0.0
1998,Privada,Rural,Extinto,111,0.0,0.0,0.0,0.0
1998,Privada,Rural,Paralisado,235,0.0,0.0,0.0,0.0
1998,Privada,Urbana,Ativa,25677,0.0,0.0,0.0,0.0
1998,Privada,Urbana,Extinto,1217,0.0,0.0,0.0,0.0
1998,Privada,Urbana,Paralisado,2335,0.0,0.0,0.0,0.0
1999,Estadual,Rural,Ativa,9392,0.0,0.0,0.0,0.0
1999,Estadual,Rural,Extinto,1289,0.0,0.0,0.0,0.0
1999,Estadual,Rural,Paralisado,1655,0.0,0.0,0.0,0.0
1999,Estadual,Urbana,Ativa,28396,0.0,0.0,0.0,0.0
1999,Estadual,Urbana,Extinto,716,0.0,0.0,0.0,0.0
1999,Estadual,Urbana,Paralisado,576,0.0,0.0,0.0,0.0
1999,Federal,Rural,Ativa,54,0.0,0.0,0.0,0.0
1999,Federal,Rural,Extinto,1,0.0,0.0,0.0,0.0
1999,Federal,Rural,Paralisado,8,0.0,0.0,0.0,0.0
1999,Federal,Urbana,Ativa,135,0.0,0.0,0.0,0.0
1999,Federal,Urbana,Extinto,3,0.0,0.0,0.0,0.0
1999,Federal,Urbana,Paralisado,18,0.0,0.0,0.0,0.0
1999,Municipal,Rural,Ativa,109550,0.0,0.0,0.0,0.0
1999,Municipal,Rural,Extinto,8218,0.0,0.0,0.0,0.0
1999,Municipal,Rural,Paralisado,28645,0.0,0.0,0.0,0.0
1999,Municipal,Urbana,Ativa,40284,0.0,0.0,0.0,0.0
1999,Municipal,Urbana,Extinto,1514,0.0,0.0,0.0,0.0
1999,Municipal,Urbana,Paralisado,2693,0.0,0.0,0.0,0.0
1999,Privada,Rural,Ativa,795,0.0,0.0,0.0,0.0
1999,Privada,Rural,Extinto,128,0.0,0.0,0.0,0.0
1999,Privada,Rural,Paralisado,149,0.0,0.0,0.0,0.0
1999,Privada,Urbana,Ativa,28756,0.0,0.0,0.0,0.0
1999,Privada,Urbana,Extinto,1637,0.0,0.0,0.0,0.0
1999,Privada,Urbana,Paralisado,2033,0.0,0.0,0.0,0.0
2000,Estadual,Rural,Ativa,8818,0.0,0.0,0.0,0.0
2000,Estadual,Rural,Extinto,581,0.0,0.0,0.0,0.0
2000,Estadual,Rural,Paralisado,1322,0.0,0.0,0.0,0.0
2000,Estadual,Urbana,Ativa,28330,0.0,0.0,0.0,0.0
2000,Estadual,Urbana,Extinto,274,0.0,0.0,0.0,0.0
2000,Estadual,Urbana,Paralisado,628,0.0,0.0,0.0,0.0
2000,Federal,Rural,Ativa,62,0.0,0.0,0.0,0.0
2000,Federal,Rural,Paralisado,8,0.0,0.0,0.0,0.0
2000,Federal,Urbana,Ativa,136,0.0,0.0,0.0,0.0
2000,Federal,Urbana,Extinto,3,0.0,0.0,0.0,0.0
2000,Federal,Urbana,Paralisado,15,0.0,0.0,0.0,0.0
2000,Municipal,Rural,Ativa,107553,0.0,0.0,0.0,0.0
2000,Municipal,Rural,Extinto,6461,0.0,0.0,0.0,0.0
2000,Municipal,Rural,Paralisado,28009,0.0,0.0,0.0,0.0
2000,Municipal,Urbana,Ativa,42151,0.0,0.0,0.0,0.0
2000,Municipal,Urbana,Extinto,926,0.0,0.0,0.0,0.0
2000,Municipal,Urbana,Paralisado,2477,0.0,0.0,0.0,0.0
2000,Privada,Rural,Ativa,731,0.0,0.0,0.0,0.0
2000,Privada,Rural,Extinto,61,0.0,0.0,0.0,0.0
2000,Privada,Rural,Paralisado,141,0.0,0.0,0.0,0.0
2000,Privada,Urbana,Ativa,29631,0.0,0.0,0.0,0.0
2000,Privada,Urbana,Extinto,1303,0.0,0.0,0.0,0.0
2000,Privada,Urbana,Paralisado,2367,0.0,0.0,0.0,0.0
2001,Estadual,Rural,Ativa,8384,0.0,0.0,0.0,0.0
2001,Estadual,Rural,Extinto,713,0.0,0.0,0.0,0.0
2001,Estadual,Rural,Paralisado,1162,0.0,0.0,0.0,0.0
2001,Estadual,Urbana,Ativa,28104,0.0,0.0,0.0,0.0
2001,Estadual,Urbana,Extinto,437,0.0,0.0,0.0,0.0
2001,Estadual,Urbana,Paralisado,529,0.0,0.0,0.0,0.0
2001,Federal,Rural,Ativa,52,0.0,0.0,0.0,0.0
2001,Federal,Rural,Extinto,5,0.0,0.0,0.0,0.0
2001,Federal,Rural,Paralisado,14,0.0,0.0,0.0,0.0
2001,Federal,Urbana,Ativa,152,0.0,0.0,0.0,0.0
2001,Federal,Urbana,Extinto,11,0.0,0.0,0.0,0.0
2001,Federal,Urbana,Paralisado,4,0.0,0.0,0.0,0.0
2001,Municipal,Rural,Ativa,104137,0.0,0.0,0.0,0.0
2001,Municipal,Rural,Extinto,12488,0.0,0.0,0.0,0.0
2001,Municipal,Rural,Paralisado,22933,0.0,0.0,0.0,0.0
2001,Municipal,Urbana,Ativa,43975,0.0,0.0,0.0,0.0
2001,Municipal,Urbana,Extinto,1208,0.0,0.0,0.0,0.0
2001,Municipal,Urbana,Paralisado,2231,0.0,0.0,0.0,0.0
2001,Privada,Rural,Ativa,909,0.0,0.0,0.0,0.0
2001,Privada,Rural,Extinto,103,0.0,0.0,0.0,0.0
2001,Privada,Rural,Paralisado,101,0.0,0.0,0.0,0.0
2001,Privada,Urbana,Ativa,32670,0.0,0.0,0.0,0.0
2001,Privada,Urbana,Extinto,1592,0.0,0.0,0.0,0.0
2001,Privada,Urbana,Paralisado,2821,0.0,0.0,0.0,0.0
2002,Estadual,Rural,Ativa,8013,0.0,0.0,0.0,0.0
2002,Estadual,Rural,Extinto,562,0.0,0.0,0.0,0.0
2002,Estadual,Rural,Paralisado,1043,0.0,0.0,0.0,0.0
2002,Estadual,Urbana,Ativa,28185,0.0,0.0,0.0,0.0
2002,Estadual,Urbana,Extinto,419,0.0,0.0,0.0,0.0
2002,Estadual,Urbana,Paralisado,595,0.0,0.0,0.0,0.0
2002,Federal,Rural,Ativa,51,0.0,0.0,0.0,0.0
2002,Federal,Rural,Extinto,5,0.0,0.0,0.0,0.0
2002,Federal,Rural,Paralisado,12,0.0,0.0,0.0,0.0
2002,Federal,Urbana,Ativa,151,0.0,0.0,0.0,0.0
2002,Federal,Urbana,Paralisado,2,0.0,0.0,0.0,0.0
2002,Municipal,Rural,Ativa,98467,0.0,0.0,0.0,0.0
2002,Municipal,Rural,Extinto,7792,0.0,0.0,0.0,0.0
2002,Municipal,Rural,Paralisado,23806,0.0,0.0,0.0,0.0
2002,Municipal,Urbana,Ativa,45068,0.0,0.0,0.0,0.0
2002,Municipal,Urbana,Extinto,1270,0.0,0.0,0.0,0.0
2002,Municipal,Urbana,Paralisado,2389,0.0,0.0,0.0,0.0
2002,Privada,Rural,Ativa,901,0.0,0.0,0.0,0.0
2002,Privada,Rural,Extinto,58,0.0,0.0,0.0,0.0
2002,Privada,Rural,Paralisado,106,0.0,0.0,0.0,0.0
2002,Privada,Urbana,Ativa,33352,0.0,0.0,0.0,0.0
2002,Privada,Urbana,Extinto,1694,0.0,0.0,0.0,0.0
2002,Privada,Urbana,Paralisado,3045,0.0,0.0,0.0,0.0
2003,Estadual,Rural,Ativa,7891,0.0,0.0,0.0,0.0
2003,Estadual,Rural,Extinto,518,0.0,0.0,0.0,0.0
2003,Estadual,Rural,Paralisado,890,0.0,0.0,0.0,0.0
2003,Estadual,Urbana,Ativa,27887,0.0,0.0,0.0,0.0
2003,Estadual,Urbana,Extinto,439,0.0,0.0,0.0,0.0
2003,Estadual,Urbana,Paralisado,606,0.0,0.0,0.0,0.0
2003,Federal,Rural,Ativa,49,0.0,0.0,0.0,0.0
2003,Federal,Rural,Paralisado,8,0.0,0.0,0.0,0.0
2003,Federal,Urbana,Ativa,157,0.0,0.0,0.0,0.0
2003,Federal,Urbana,Paralisado,5,0.0,0.0,0.0,0.0
2003,Municipal,Rural,Ativa,94431,0.0,0.0,0.0,0.0
2003,Municipal,Rural,Extinto,6481,0.0,0.0,0.0,0.0
2003,Municipal,Rural,Paralisado,23110,0.0,0.0,0.0,0.0
2003,Municipal,Urbana,Ativa,46465,0.0,0.0,0.0,0.0
2003,Municipal,Urbana,Extinto,1237,0.0,0.0,0.0,0.0
2003,Municipal,Urbana,Paralisado,3047,0.0,0.0,0.0,0.0
2003,Privada,Rural,Ativa,957,0.0,0.0,0.0,0.0
2003,Privada,Rural,Extinto,50,0.0,0.0,0.0,0.0
2003,Privada,Rural,Paralisado,115,0.0,0.0,0.0,0.0
2003,Privada,Urbana,Ativa,34096,0.0,0.0,0.0,0.0
2003,Privada,Urbana,Extinto,1525,0.0,0.0,0.0,0.0
2003,Privada,Urbana,Paralisado,3441,0.0,0.0,0.0,0.0
2004,Estadual,Rural,Ativa,7771,0.0,0.0,0.0,0.0
2004,Estadual,Rural,Extinto,290,0.0,0.0,0.0,0.0
2004,Estadual,Rural,Paralisado,1015,0.0,0.0,0.0,0.0
2004,Estadual,Urbana,Ativa,27490,0.0,0.0,0.0,0.0
2004,Estadual,Urbana,Extinto,373,0.0,0.0,0.0,0.0
2004,Estadual,Urbana,Paralisado,659,0.0,0.0,0.0,0.0
2004,Federal,Rural,Ativa,47,0.0,0.0,0.0,0.0
2004,Federal,Rural,Paralisado,10,0.0,0.0,0.0,0.0
2004,Federal,Urbana,Ativa,155,0.0,0.0,0.0,0.0
2004,Federal,Urbana,Extinto,2,0.0,0.0,0.0,0.0
2004,Federal,Urbana,Paralisado,3,0.0,0.0,0.0,0.0
2004,Municipal,Rural,Ativa,91711,0.0,0.0,0.0,0.0
2004,Municipal,Rural,Extinto,5294,0.0,0.0,0.0,0.0
2004,Municipal,Rural,Paralisado,21813,0.0,0.0,0.0,0.0
2004,Municipal,Urbana,Ativa,47720,0.0,0.0,0.0,0.0
2004,Municipal,Urbana,Extinto,632,0.0,0.0,0.0,0.0
2004,Municipal,Urbana,Paralisado,2994,0.0,0.0,0.0,0.0
2004,Privada,Rural,Ativa,828,0.0,0.0,0.0,0.0
2004,Privada,Rural,Extinto,91,0.0,0.0,0.0,0.0
2004,Privada,Rural,Paralisado,212,0.0,0.0,0.0,0.0
2004,Privada,Urbana,Ativa,34372,0.0,0.0,0.0,0.0
2004,Privada,Urbana,Extinto,1480,0.0,0.0,0.0,0.0
2004,Privada,Urbana,Paralisado,3295,0.0,0.0,0.0,0.0
2005,Estadual,Rural,Ativa,6653,0.0,0.0,0.0,0.0
2005,Estadual,Rural,Extinto,414,0.0,0.0,0.0,0.0
2005,Estadual,Rural,Paralisado,1270,0.0,0.0,0.0,0.0
2005,Estadual,Urbana,Ativa,27065,0.0,0.0,0.0,0.0
2005,Estadual,Urbana,Extinto,503,0.0,0.0,0.0,0.0
2005,Estadual,Urbana,Paralisado,714,0.0,0.0,0.0,0.0
2005,Federal,Rural,Ativa,48,0.0,0.0,0.0,0.0
2005,Federal,Rural,Extinto,2,0.0,0.0,0.0,0.0
2005,Federal,Rural,Paralisado,9,0.0,0.0,0.0,0.0
2005,Federal,Urbana,Ativa,160,0.0,0.0,0.0,0.0
2005,Federal,Urbana,Extinto,1,0.0,0.0,0.0,0.0
2005,Federal,Urbana,Paralisado,1,0.0,0.0,0.0,0.0
2005,Municipal,Rural,Ativa,89075,0.0,0.0,0.0,0.0
2005,Municipal,Rural,Extinto,6780,0.0,0.0,0.0,0.0
2005,Municipal,Rural,Paralisado,21082,0.0,0.0,0.0,0.0
2005,Municipal,Urbana,Ativa,48718,0.0,0.0,0.0,0.0
2005,Municipal,Urbana,Extinto,1431,0.0,0.0,0.0,0.0
2005,Municipal,Urbana,Paralisado,3008,0.0,0.0,0.0,0.0
2005,Privada,Rural,Ativa,781,0.0,0.0,0.0,0.0
2005,Privada,Rural,Extinto,135,0.0,0.0,0.0,0.0
2005,Privada,Rural,Paralisado,210,0.0,0.0,0.0,0.0
2005,Privada,Urbana,Ativa,34734,0.0,0.0,0.0,0.0
2005,Privada,Urbana,Extinto,1445,0.0,0.0,0.0,0.0
2005,Privada,Urbana,Paralisado,3864,0.0,0.0,0.0,0.0
2006,Estadual,Rural,Ativa,6381,0.0,0.0,0.0,0.0
2006,Estadual,Rural,Extinto,310,0.0,0.0,0.0,0.0
2006,Estadual,Rural,Paralisado,1258,0.0,0.0,0.0,0.0
2006,Estadual,Urbana,Ativa,26955,0.0,0.0,0.0,0.0
2006,Estadual,Urbana,Extinto,279,0.0,0.0,0.0,0.0
2006,Estadual,Urbana,Paralisado,699,0.0,0.0,0.0,0.0
2006,Federal,Rural,Ativa,46,0.0,0.0,0.0,0.0
2006,Federal,Rural,Paralisado,11,0.0,0.0,0.0,0.0
2006,Federal,Urbana,Ativa,160,0.0,0.0,0.0,0.0
2006,Federal,Urbana,Extinto,1,0.0,0.0,0.0,0.0
2006,Federal,Urbana,Paralisado,1,0.0,0.0,0.0,0.0
2006,Municipal,Rural,Ativa,85010,0.0,0.0,0.0,0.0
2006,Municipal,Rural,Extinto,4732,0.0,0.0,0.0,0.0
2006,Municipal,Rural,Paralisado,22240,0.0,0.0,0.0,0.0
2006,Municipal,Urbana,Ativa,49884,0.0,0.0,0.0,0.0
2006,Municipal,Urbana,Extinto,695,0.0,0.0,0.0,0.0
2006,Municipal,Urbana,Paralisado,2280,0.0,0.0,0.0,0.0
2006,Privada,Rural,Ativa,735,0.0,0.0,0.0,0.0
2006,Privada,Rural,Extinto,66,0.0,0.0,0.0,0.0
2006,Privada,Rural,Paralisado,198,0.0,0.0,0.0,0.0
2006,Privada,Urbana,Ativa,34802,0.0,0.0,0.0,0.0
2006,Privada,Urbana,Extinto,1137,0.0,0.0,0.0,0.0
2006,Privada,Urbana,Paralisado,3937,0.0,0.0,0.0,0.0
2007,Estadual,Rural,Ativa,6353,905584.0,49609.0,43516.0,142.5443097749095
2007,Estadual,Urbana,Ativa,26768,21021716.0,787321.0,650589.0,785.330095636581
2007,Federal,Rural,Ativa,46,29201.0,1673.0,1064.0,634.804347826087
2007,Federal,Urbana,Ativa,189,155894.0,10954.0,5821.0,824.8359788359788
2007,Municipal,Rural,Ativa,81367,5992612.0,295618.0,327031.0,73.64916981085698
2007,Municipal,Urbana,Ativa,51181,18538399.0,762023.0,718638.0,362.21252027119436
2007,Privada,Rural,Ativa,627,69922.0,4091.0,3788.0,111.51834130781499
2007,Privada,Urbana,Ativa,31976,6315600.0,406714.0,348309.0,197.51063297473104
2008,Estadual,Rural,Ativa,6245,875400.0,52947.0,42311.0,140.17614091273018
2008,Estadual,Urbana,Ativa,26680,20558041.0,824760.0,637360.0,770.5412668665667
2008,Federal,Rural,Ativa,52,30624.0,1985.0,1193.0,588.9230769230769
2008,Federal,Urbana,Ativa,219,166908.0,13107.0,6089.0,762.1369863013699
2008,Municipal,Rural,Ativa,79859,5844791.0,308761.0,325016.0,73.18888290612205
2008,Municipal,Urbana,Ativa,52525,18656061.0,811468.0,735155.0,355.1844074250357
2008,Privada,Rural,Ativa,712,69229.0,4331.0,3861.0,97.2317415730337
2008,Privada,Urbana,Ativa,39407,7031814.0,469864.0,387597.0,178.44073387976755
2009,Estadual,Rural,Ativa,6120,880036.0,54793.0,42775.0,143.7967320261438
2009,Estadual,Urbana,Ativa,26491,19857627.0,821502.0,623911.0,749.5989958853951
2009,Federal,Rural,Ativa,57,31339.0,2141.0,1220.0,549.8070175438596
2009,Federal,Urbana,Ativa,245,186399.0,14068.0,6553.0,760.8122448979592
2009,Municipal,Rural,Ativa,76527,5705664.0,310994.0,320062.0,74.55752871535536
2009,Municipal,Urbana,Ativa,53493,18609645.0,837767.0,748905.0,347.8893500084123
2009,Privada,Rural,Ativa,649,63336.0,4222.0,3592.0,97.59013867488444
2009,Privada,Urbana,Ativa,39873,7246406.0,487983.0,398011.0,181.73716550046396
2010,Estadual,Rural,Ativa,6018,874686.0,57117.0,43625.0,145.34496510468594
2010,Estadual,Urbana,Ativa,26381,19157302.0,827316.0,615554.0,726.1780068989045
2010,Federal,Rural,Ativa,60,33657.0,2515.0,1259.0,560.95
2010,Federal,Urbana,Ativa,294,201451.0,15798.0,7182.0,685.2074829931972
2010,Municipal,Rural,Ativa,73009,5466965.0,308783.0,311919.0,74.88069963977044
2010,Municipal,Urbana,Ativa,54198,18255446.0,850845.0,754002.0,336.828775969593
2010,Privada,Rural,Ativa,636,62650.0,4261.0,3635.0,98.50628930817611
2010,Privada,Urbana,Ativa,40280,7497732.0,506065.0,413296.0,186.140317775571
2011,Estadual,Rural,Ativa,5983,911830.0,59382.0,45789.0,152.40347651679758
2011,Estadual,Rural,Extinta,119,0.0,0.0,0.0,0.0
2011,Estadual,Rural,Paralisada,1572,0.0,0.0,0.0,0.0
2011,Estadual,Urbana,Ativa,26333,18572080.0,810878.0,606552.0,705.2777883264345
2011,Estadual,Urbana,Extinta,104,0.0,0.0,0.0,0.0
2011,Estadual,Urbana,Paralisada,1230,0.0,0.0,0.0,0.0
2011,Federal,Rural,Ativa,68,34866.0,2910.0,1292.0,512.7352941176471
2011,Federal,Rural,Paralisada,13,0.0,0.0,0.0,0.0
2011,Federal,Urbana,Ativa,383,222186.0,18305.0,8166.0,580.1201044386423
2011,Federal,Urbana,Extinta,2,0.0,0.0,0.0,0.0
2011,Federal,Urbana,Paralisada,4,0.0,0.0,0.0,0.0
2011,Municipal,Rural,Ativa,69726,5283726.0,309077.0,305141.0,75.77841838051803
2011,Municipal,Rural,Extinta,2922,0.0,0.0,0.0,0.0
2011,Municipal,Rural,Paralisada,28631,0.0,0.0,0.0,0.0
2011,Municipal,Urbana,Ativa,54888,18029254.0,871333.0,755075.0,328.47350969246463
2011,Municipal,Urbana,Extinta,386,0.0,0.0,0.0,0.0
2011,Municipal,Urbana,Paralisada,3167,0.0,0.0,0.0,0.0
2011,Privada,Rural,Ativa,557,63463.0,4463.0,3684.0,113.93716337522442
2011,Privada,Rural,Extinta,41,0.0,0.0,0.0,0.0
2011,Privada,Rural,Paralisada,301,0.0,0.0,0.0,0.0
2011,Privada,Urbana,Ativa,36994,7855214.0,532233.0,430253.0,212.3375141914905
2011,Privada,Urbana,Extinta,1135,0.0,0.0,0.0,0.0
2011,Privada,Urbana,Paralisada,7588,0.0,0.0,0.0,0.0
2012,Estadual,Rural,Ativa,5690,884046.0,58887.0,45397.0,155.3683655536028
2012,Estadual,Rural,Extinta,311,0.0,0.0,0.0,0.0
2012,Estadual,Rural,Paralisada,1695,0.0,0.0,0.0,0.0
2012,Estadual,Urbana,Ativa,26037,17837870.0,805016.0,590307.0,685.0969773783462
2012,Estadual,Urbana,Extinta,176,0.0,0.0,0.0,0.0
2012,Estadual,Urbana,Paralisada,1503,0.0,0.0,0.0,0.0
2012,Federal,Rural,Ativa,67,36880.0,3205.0,1395.0,550.4477611940298
2012,Federal,Rural,Extinta,9,0.0,0.0,0.0,0.0
2012,Federal,Rural,Paralisada,4,0.0,0.0,0.0,0.0
2012,Federal,Urbana,Ativa,423,239556.0,20262.0,9025.0,566.3262411347517
2012,Federal,Urbana,Extinta,11,0.0,0.0,0.0,0.0
2012,Federal,Urbana,Paralisada,4,0.0,0.0,0.0,0.0
2012,Municipal,Rural,Ativa,67900,5091805.0,313700.0,303153.0,74.989764359352
2012,Municipal,Rural,Extinta,3034,0.0,0.0,0.0,0.0
2012,Municipal,Rural,Paralisada,27944,0.0,0.0,0.0,0.0
2012,Municipal,Urbana,Ativa,55844,18132674.0,910097.0,768107.0,324.7022777737984
2012,Municipal,Urbana,Extinta,334,0.0,0.0,0.0,0.0
2012,Municipal,Urbana,Paralisada,3249,0.0,0.0,0.0,0.0
2012,Privada,Rural,Ativa,570,66098.0,4596.0,3800.0,115.96140350877192
2012,Privada,Rural,Extinta,30,0.0,0.0,0.0,0.0
2012,Privada,Rural,Paralisada,296,0.0,0.0,0.0,0.0
2012,Privada,Urbana,Ativa,38164,8256121.0,557004.0,452423.0,216.33269573419977
2012,Privada,Urbana,Extinta,1115,0.0,0.0,0.0,0.0
2012,Privada,Urbana,Paralisada,7726,0.0,0.0,0.0,0.0
2013,Estadual,Rural,Ativa,5535,863243.0,61553.0,45634.0,155.96079494128276
2013,Estadual,Rural,Extinta,127,0.0,0.0,0.0,0.0
2013,Estadual,Rural,Paralisada,1691,0.0,0.0,0.0,0.0
2013,Estadual,Urbana,Ativa,25684,17063325.0,808059.0,573161.0,664.3562139853606
2013,Estadual,Urbana,Extinta,82,0.0,0.0,0.0,0.0
2013,Estadual,Urbana,Paralisada,1658,0.0,0.0,0.0,0.0
2013,Federal,Rural,Ativa,70,36502.0,3353.0,1354.0,521.4571428571429
2013,Federal,Rural,Paralisada,4,0.0,0.0,0.0,0.0
2013,Federal,Urbana,Ativa,442,254294.0,22207.0,9785.0,575.3257918552036
2013,Federal,Urbana,Paralisada,7,0.0,0.0,0.0,0.0
2013,Municipal,Rural,Ativa,64710,5000154.0,316526.0,300199.0,77.27019007881317
2013,Municipal,Rural,Extinta,2252,0.0,0.0,0.0,0.0
2013,Municipal,Rural,Paralisada,30022,0.0,0.0,0.0,0.0
2013,Municipal,Urbana,Ativa,56713,18214898.0,941630.0,782116.0,321.17676723149896
2013,Municipal,Urbana,Extinta,296,0.0,0.0,0.0,0.0
2013,Municipal,Urbana,Paralisada,3568,0.0,0.0,0.0,0.0
2013,Privada,Rural,Ativa,607,70642.0,5200.0,4059.0,116.37891268533772
2013,Privada,Rural,Extinta,17,0.0,0.0,0.0,0.0
2013,Privada,Rural,Paralisada,342,0.0,0.0,0.0,0.0
2013,Privada,Urbana,Ativa,38917,8539390.0,574069.0,470614.0,219.42570085052805
2013,Privada,Urbana,Extinta,1244,0.0,0.0,0.0,0.0
2013,Privada,Urbana,Paralisada,8692,0.0,0.0,0.0,0.0
2014,Estadual,Rural,Ativa,5479,831972.0,63195.0,44842.0,151.84741741193648
2014,Estadual,Rural,Extinta,120,0.0,0.0,0.0,0.0
2014,Estadual,Rural,Paralisada,1681,0.0,0.0,0.0,0.0
2014,Estadual,Urbana,Ativa,25616,16462385.0,812705.0,557273.0,642.6602514053717
2014,Estadual,Urbana,Extinta,112,0.0,0.0,0.0,0.0
2014,Estadual,Urbana,Paralisada,1676,0.0,0.0,0.0,0.0
2014,Federal,Rural,Ativa,73,36871.0,3602.0,1384.0,505.0821917808219
2014,Federal,Rural,Extinta,2,0.0,0.0,0.0,0.0
2014,Federal,Rural,Paralisada,4,0.0,0.0,0.0,0.0
2014,Federal,Urbana,Ativa,470,259874.0,23982.0,10263.0,552.9234042553192
2014,Federal,Urbana,Extinta,4,0.0,0.0,0.0,0.0
2014,Federal,Urbana,Paralisada,8,0.0,0.0,0.0,0.0
2014,Municipal,Rural,Ativa,61417,4900325.0,313619.0,291032.0,79.78776234593028
2014,Municipal,Rural,Extinta,3393,0.0,0.0,0.0,0.0
2014,Municipal,Rural,Paralisada,30402,0.0,0.0,0.0,0.0
2014,Municipal,Urbana,Ativa,57231,18189163.0,966891.0,787638.0,317.82011497265466
2014,Municipal,Urbana,Extinta,516,0.0,0.0,0.0,0.0
2014,Municipal,Urbana,Paralisada,3774,0.0,0.0,0.0,0.0
2014,Privada,Rural,Ativa,649,77272.0,5573.0,4420.0,119.06317411402158
2014,Privada,Rural,Extinta,30,0.0,0.0,0.0,0.0
2014,Privada,Rural,Paralisada,340,0.0,0.0,0.0,0.0
2014,Privada,Urbana,Ativa,39618,9013509.0,595905.0,490068.0,227.5104497955475
2014,Privada,Urbana,Extinta,1434,0.0,0.0,0.0,0.0
2014,Privada,Urbana,Paralisada,8880,0.0,0.0,0.0,0.0
2015,Estadual,Rural,Ativa,5525,839649.0,65916.0,46181.0,151.97266968325792
2015,Estadual,Rural,Extinta,166,0.0,0.0,0.0,0.0
2015,Estadual,Rural,Paralisada,1592,0.0,0.0,0.0,0.0
2015,Estadual,Urbana,Ativa,25589,15709059.0,796734.0,541117.0,613.898901871898
2015,Estadual,Urbana,Extinta,139,0.0,0.0,0.0,0.0
2015,Estadual,Urbana,Paralisada,1630,0.0,0.0,0.0,0.0
2015,Federal,Rural,Ativa,84,59465.0,4377.0,2276.0,707.9166666666666
2015,Federal,Rural,Paralisada,2,0.0,0.0,0.0,0.0
2015,Federal,Urbana,Ativa,553,316765.0,27640.0,11985.0,572.8119349005425
2015,Federal,Urbana,Extinta,1,0.0,0.0,0.0,0.0
2015,Federal,Urbana,Paralisada,7,0.0,0.0,0.0,0.0
2015,Municipal,Rural,Ativa,58521,4740784.0,308909.0,280157.0,81.00996223577862
2015,Municipal,Rural,Extinta,3962,0.0,0.0,0.0,0.0
2015,Municipal,Rural,Paralisada,27593,0.0,0.0,0.0,0.0
2015,Municipal,Urbana,Ativa,57931,18073058.0,977808.0,789096.0,311.9755916521379
2015,Municipal,Urbana,Extinta,564,0.0,0.0,0.0,0.0
2015,Municipal,Urbana,Paralisada,3468,0.0,0.0,0.0,0.0
2015,Privada,Rural,Ativa,637,78574.0,5599.0,4470.0,123.35007849293564
2015,Privada,Rural,Extinta,51,0.0,0.0,0.0,0.0
2015,Privada,Rural,Paralisada,298,0.0,0.0,0.0,0.0
2015,Privada,Urbana,Ativa,39849,8979158.0,597927.0,489358.0,225.329569123441
2015,Privada,Urbana,Extinta,1743,0.0,0.0,0.0,0.0
2015,Privada,Urbana,Paralisada,7974,0.0,0.0,0.0,0.0
2016,Estadual,Rural,Ativa,5489,847187.0,67041.0,46246.0,154.3426853707415
2016,Estadual,Rural,Extinta,92,0.0,0.0,0.0,0.0
2016,Estadual,Rural,Paralisada,1623,0.0,0.0,0.0,0.0
2016,Estadual,Urbana,Ativa,25510,15748444.0,793659.0,542104.0,617.3439435515484
2016,Estadual,Urbana,Extinta,99,0.0,0.0,0.0,0.0
2016,Estadual,Urbana,Paralisada,1709,0.0,0.0,0.0,0.0
2016,Federal,Rural,Ativa,93,60331.0,4872.0,2308.0,648.7204301075269
2016,Federal,Rural,Paralisada,1,0.0,0.0,0.0,0.0
2016,Federal,Urbana,Ativa,594,332234.0,29952.0,12756.0,559.3164983164983
2016,Federal,Urbana,Extinta,2,0.0,0.0,0.0,0.0
2016,Federal,Urbana,Paralisada,13,0.0,0.0,0.0,0.0
2016,Municipal,Rural,Ativa,56867,4592760.0,305839.0,273689.0,80.76318427207343
2016,Municipal,Rural,Extinta,2215,0.0,0.0,0.0,0.0
2016,Municipal,Rural,Paralisada,29132,0.0,0.0,0.0,0.0
2016,Municipal,Urbana,Ativa,58622,18253422.0,994603.0,799079.0,311.3749445600628
2016,Municipal,Urbana,Extinta,383,0.0,0.0,0.0,0.0
2016,Municipal,Urbana,Paralisada,3775,0.0,0.0,0.0,0.0
2016,Privada,Rural,Ativa,667,80743.0,5912.0,4675.0,121.05397301349325
2016,Privada,Rural,Extinta,20,0.0,0.0,0.0,0.0
2016,Privada,Rural,Paralisada,294,0.0,0.0,0.0,0.0
2016,Privada,Urbana,Ativa,40049,8902358.0,600125.0,490156.0,222.28664885515244
2016,Privada,Urbana,Extinta,1221,0.0,0.0,0.0,0.0
2016,Privada,Urbana,Paralisada,9036,0.0,0.0,0.0,0.0
2017,Estadual,Rural,Ativa,5410,834950.0,68158.0,46306.0,154.33456561922367
2017,Estadual,Rural,Extinta,162,0.0,0.0,0.0,0.0
2017,Estadual,Rural,Paralisada,1576,0.0,0.0,0.0,0.0
2017,Estadual,Urbana,Ativa,25438,15387864.0,766592.0,527752.0,604.9164242471893
2017,Estadual,Urbana,Extinta,118,0.0,0.0,0.0,0.0
2017,Estadual,Urbana,Paralisada,1800,0.0,0.0,0.0,0.0
2017,Federal,Rural,Ativa,92,57846.0,5060.0,1986.0,628.7608695652174
2017,Federal,Rural,Extinta,1,0.0,0.0,0.0,0.0
2017,Federal,Rural,Paralisada,6,0.0,0.0,0.0,0.0
2017,Federal,Urbana,Ativa,608,338636.0,31325.0,12966.0,556.9671052631579
2017,Federal,Urbana,Extinta,4,0.0,0.0,0.0,0.0
2017,Federal,Urbana,Paralisada,17,0.0,0.0,0.0,0.0
2017,Municipal,Rural,Ativa,54611,4598899.0,305260.0,273198.0,84.21195363571442
2017,Municipal,Rural,Extinta,1960,0.0,0.0,0.0,0.0
2017,Municipal,Rural,Paralisada,29520,0.0,0.0,0.0,0.0
2017,Municipal,Urbana,Ativa,59031,18502837.0,1010323.0,812879.0,313.44271653876774
2017,Municipal,Urbana,Extinta,214,0.0,0.0,0.0,0.0
2017,Municipal,Urbana,Paralisada,4063,0.0,0.0,0.0,0.0
2017,Privada,Rural,Ativa,657,81690.0,5938.0,4825.0,124.337899543379
2017,Privada,Rural,Extinta,18,0.0,0.0,0.0,0.0
2017,Privada,Rural,Paralisada,323,0.0,0.0,0.0,0.0
2017,Privada,Urbana,Ativa,40078,8805371.0,598840.0,489308.0,219.70584859523927
2017,Privada,Urbana,Extinta,1196,0.0,0.0,0.0,0.0
2017,Privada,Urbana,Paralisada,9578,0.0,0.0,0.0,0.0
2018,Estadual,Rural,Ativa,5343,830380.0,69385.0,46521.0,155.41456110799177
2018,Estadual,Rural,Extinta,203,0.0,0.0,0.0,0.0
2018,Estadual,Rural,Paralisada,1449,0.0,0.0,0.0,0.0
2018,Estadual,Urbana,Ativa,25358,15116036.0,778282.0,517732.0,596.105213344901
2018,Estadual,Urbana,Extinta,266,0.0,0.0,0.0,0.0
2018,Estadual,Urbana,Paralisada,1690,0.0,0.0,0.0,0.0
2018,Federal,Rural,Ativa,92,55141.0,5047.0,1892.0,599.3586956521739
2018,Federal,Rural,Extinta,1,0.0,0.0,0.0,0.0
2018,Federal,Rural,Paralisada,5,0.0,0.0,0.0,0.0
2018,Federal,Urbana,Ativa,609,355937.0,32434.0,13040.0,584.4614121510673
2018,Federal,Urbana,Extinta,32,0.0,0.0,0.0,0.0
2018,Federal,Urbana,Paralisada,13,0.0,0.0,0.0,0.0
2018,Municipal,Rural,Ativa,51566,4499423.0,296052.0,262646.0,87.25561416437188
2018,Municipal,Rural,Extinta,7243,0.0,0.0,0.0,0.0
2018,Municipal,Rural,Paralisada,25714,0.0,0.0,0.0,0.0
2018,Municipal,Urbana,Ativa,59405,18603701.0,1030653.0,819120.0,313.1672586482619
2018,Municipal,Urbana,Extinta,699,0.0,0.0,0.0,0.0
2018,Municipal,Urbana,Paralisada,3841,0.0,0.0,0.0,0.0
2018,Privada,Rural,Ativa,663,88644.0,6449.0,5121.0,133.70135746606334
2018,Privada,Rural,Extinta,45,0.0,0.0,0.0,0.0
2018,Privada,Rural,Paralisada,324,0.0,0.0,0.0,0.0
2018,Privada,Urbana,Ativa,40710,8906605.0,617004.0,497925.0,218.78174895603047
2018,Privada,Urbana,Extinta,1720,0.0,0.0,0.0,0.0
2018,Privada,Urbana,Paralisada,9469,0.0,0.0,0.0,0.0
2019,Estadual,Rural,Ativa,5333,817406.0,67034.0,46239.0,153.27320457528594
2019,Estadual,Rural,Extinta,148,0.0,0.0,0.0,0.0
2019,Estadual,Rural,Paralisada,1410,0.0,0.0,0.0,0.0
2019,Estadual,Urbana,Ativa,25157,14489627.0,761968.0,500454.0,575.9680009540089
2019,Estadual,Urbana,Extinta,144,0.0,0.0,0.0,0.0
2019,Estadual,Urbana,Paralisada,1709,0.0,0.0,0.0,0.0
2019,Federal,Rural,Ativa,93,49976.0,4735.0,1722.0,537.3763440860215
2019,Federal,Rural,Extinta,1,0.0,0.0,0.0,0.0
2019,Federal,Rural,Paralisada,2,0.0,0.0,0.0,0.0
2019,Federal,Urbana,Ativa,605,354831.0,32604.0,12643.0,586.4975206611571
2019,Federal,Urbana,Extinta,5,0.0,0.0,0.0,0.0
2019,Federal,Urbana,Paralisada,11,0.0,0.0,0.0,0.0
2019,Municipal,Rural,Ativa,49304,4372528.0,290646.0,255950.0,88.6850559792309
2019,Municipal,Rural,Extinta,3583,0.0,0.0,0.0,0.0
2019,Municipal,Rural,Paralisada,24494,0.0,0.0,0.0,0.0
2019,Municipal,Urbana,Ativa,59750,18655093.0,1026505.0,824104.0,312.219129707113
2019,Municipal,Urbana,Extinta,488,0.0,0.0,0.0,0.0
2019,Municipal,Urbana,Paralisada,3763,0.0,0.0,0.0,0.0
2019,Privada,Rural,Ativa,661,88908.0,6452.0,5198.0,134.50529500756429
2019,Privada,Rural,Extinta,29,0.0,0.0,0.0,0.0
2019,Privada,Rural,Paralisada,266,0.0,0.0,0.0,0.0
2019,Privada,Urbana,Ativa,41565,9045877.0,623098.0,513779.0,217.63207025141344
2019,Privada,Urbana,Extinta,1187,0.0,0.0,0.0,0.0
2019,Privada,Urbana,Paralisada,8813,0.0,0.0,0.0,0.0
2020,Estadual,Rural,Ativa,5252,811126.0,64072.0,45053.0,154.44135567402896
2020,Estadual,Rural,Extinta,42,0.0,0.0,0.0,0.0
2020,Estadual,Rural,Paralisada,1467,0.0,0.0,0.0,0.0
2020,Estadual,Urbana,Ativa,24942,14388374.0,727410.0,486865.0,576.8733060700825
2020,Estadual,Urbana,Extinta,139,0.0,0.0,0.0,0.0
2020,Estadual,Urbana,Paralisada,1816,0.0,0.0,0.0,0.0
2020,Federal,Rural,Ativa,94,51121.0,4685.0,1739.0,543.8404255319149
2020,Federal,Rural,Paralisada,3,0.0,0.0,0.0,0.0
2020,Federal,Urbana,Ativa,606,354876.0,32614.0,12416.0,585.6039603960396
2020,Federal,Urbana,Paralisada,11,0.0,0.0,0.0,0.0
2020,Municipal,Rural,Ativa,48444,4227257.0,286830.0,253083.0,87.26069275864916
2020,Municipal,Rural,Extinta,3976,0.0,0.0,0.0,0.0
2020,Municipal,Rural,Paralisada,21383,0.0,0.0,0.0,0.0
2020,Municipal,Urbana,Ativa,60178,18671354.0,1020672.0,829500.0,310.26876931769084
2020,Municipal,Urbana,Extinta,634,0.0,0.0,0.0,0.0
2020,Municipal,Urbana,Paralisada,3418,0.0,0.0,0.0,0.0
2020,Privada,Rural,Ativa,656,88468.0,6431.0,5252.0,134.859756097561
2020,Privada,Rural,Extinta,36,0.0,0.0,0.0,0.0
2020,Privada,Rural,Paralisada,261,0.0,0.0,0.0,0.0
2020,Privada,Urbana,Ativa,41107,8702718.0,615062.0,508157.0,211.70890602573772
2020,Privada,Urbana,Extinta,1285,0.0,0.0,0.0,0.0
2020,Privada,Urbana,Paralisada,8479,0.0,0.0,0.0,0.0
2021,Estadual,Rural,Ativa,5193,837939.0,70658.0,45266.0,161.35932986712882
2021,Estadual,Rural,Extinta,103,0.0,0.0,0.0,0.0
2021,Estadual,Rural,Paralisada,1472,0.0,0.0,0.0,0.0
2021,Estadual,Urbana,Ativa,24774,14181177.0,791977.0,486194.0,572.4217728263502
2021,Estadual,Urbana,Extinta,126,0.0,0.0,0.0,0.0
2021,Estadual,Urbana,Paralisada,1896,0.0,0.0,0.0,0.0
2021,Federal,Rural,Ativa,92,45986.0,4528.0,1655.0,499.8478260869565
2021,Federal,Rural,Paralisada,3,0.0,0.0,0.0,0.0
2021,Federal,Urbana,Ativa,604,331161.0,32364.0,12166.0,548.2798013245033
2021,Federal,Urbana,Extinta,1,0.0,0.0,0.0,0.0
2021,Federal,Urbana,Paralisada,14,0.0,0.0,0.0,0.0
2021,Municipal,Rural,Ativa,47676,4393036.0,291901.0,258892.0,92.14355231143553
2021,Municipal,Rural,Extinta,2748,0.0,0.0,0.0,0.0
2021,Municipal,Rural,Paralisada,19667,0.0,0.0,0.0,0.0
2021,Municipal,Urbana,Ativa,60464,18742757.0,1045511.0,835135.0,309.9820885154803
2021,Municipal,Urbana,Extinta,458,0.0,0.0,0.0,0.0
2021,Municipal,Urbana,Paralisada,3356,0.0,0.0,0.0,0.0
2021,Privada,Rural,Ativa,651,83084.0,6405.0,5027.0,127.62519201228879
2021,Privada,Rural,Extinta,18,0.0,0.0,0.0,0.0
2021,Privada,Rural,Paralisada,265,0.0,0.0,0.0,0.0
2021,Privada,Urbana,Ativa,40603,8053261.0,602825.0,484441.0,198.34152648819054
2021,Privada,Urbana,Extinta,1127,0.0,0.0,0.0,0.0
2021,Privada,Urbana,Paralisada,9829,0.0,0.0,0.0,0.0
2022,Estadual,Rural,Ativa,5211,820393.0,70345.0,46590.0,157.43484935712914
2022,Estadual,Rural,Extinta,44,0.0,0.0,0.0,0.0
2022,Estadual,Rural,Paralisada,1489,0.0,0.0,0.0,0.0
2022,Estadual,Urbana,Ativa,24608,13941002.0,773837.0,485401.0,566.5231631989597
2022,Estadual,Urbana,Extinta,135,0.0,0.0,0.0,0.0
2022,Estadual,Urbana,Paralisada,1973,0.0,0.0,0.0,0.0
2022,Federal,Rural,Ativa,94,49113.0,4569.0,1700.0,522.4787234042553
2022,Federal,Rural,Extinta,3,0.0,0.0,0.0,0.0
2022,Federal,Rural,Paralisada,3,0.0,0.0,0.0,0.0
2022,Federal,Urbana,Ativa,610,331492.0,32677.0,12252.0,543.4295081967213
2022,Federal,Urbana,Extinta,6,0.0,0.0,0.0,0.0
2022,Federal,Urbana,Paralisada,19,0.0,0.0,0.0,0.0
2022,Municipal,Rural,Ativa,46817,4384433.0,306624.0,264771.0,93.65044748702394
2022,Municipal,Rural,Extinta,2148,0.0,0.0,0.0,0.0
2022,Municipal,Rural,Paralisada,18832,0.0,0.0,0.0,0.0
2022,Municipal,Urbana,Ativa,61015,18855595.0,1103494.0,857185.0,309.03212324838154
2022,Municipal,Urbana,Extinta,379,0.0,0.0,0.0,0.0
2022,Municipal,Urbana,Paralisada,3438,0.0,0.0,0.0,0.0
2022,Privada,Rural,Ativa,734,93006.0,6830.0,5568.0,126.71117166212534
2022,Privada,Rural,Extinta,19,0.0,0.0,0.0,0.0
2022,Privada,Rural,Paralisada,329,0.0,0.0,0.0,0.0
2022,Privada,Urbana,Ativa,45243,8907040.0,625930.0,517035.0,196.87111818402846
2022,Privada,Urbana,Extinta,1057,0.0,0.0,0.0,0.0
2022,Privada,Urbana,Paralisada,10443,0.0,0.0,0.0,0.0
2023,Estadual,Rural,Ativa,5295,816812.0,70056.0,47821.0,154.26100094428708
2023,Estadual,Rural,Extinta,163,0.0,0.0,0.0,0.0
2023,Estadual,Rural,Paralisada,1502,0.0,0.0,0.0,0.0
2023,Estadual,Urbana,Ativa,24488,13364079.0,734391.0,476237.0,545.7399134269847
2023,Estadual,Urbana,Extinta,185,0.0,0.0,0.0,0.0
2023,Estadual,Urbana,Paralisada,1913,0.0,0.0,0.0,0.0
2023,Federal,Rural,Ativa,94,51318.0,4781.0,1742.0,545.936170212766
2023,Federal,Rural,Paralisada,3,0.0,0.0,0.0,0.0
2023,Federal,Urbana,Ativa,612,329278.0,33360.0,12166.0,538.0359477124183
2023,Federal,Urbana,Extinta,2,0.0,0.0,0.0,0.0
2023,Federal,Urbana,Paralisada,14,0.0,0.0,0.0,0.0
2023,Municipal,Rural,Ativa,45813,4345768.0,312006.0,266656.0,94.8588391941152
2023,Municipal,Rural,Extinta,2581,0.0,0.0,0.0,0.0
2023,Municipal,Rural,Paralisada,17042,0.0,0.0,0.0,0.0
2023,Municipal,Urbana,Ativa,61612,18974050.0,1136831.0,867485.0,307.9602999415698
2023,Municipal,Urbana,Extinta,461,0.0,0.0,0.0,0.0
2023,Municipal,Urbana,Paralisada,3200,0.0,0.0,0.0,0.0
2023,Privada,Rural,Ativa,687,96841.0,7043.0,5873.0,140.96215429403202
2023,Privada,Rural,Extinta,19,0.0,0.0,0.0,0.0
2023,Privada,Rural,Paralisada,264,0.0,0.0,0.0,0.0
2023,Privada,Urbana,Ativa,41629,9326486.0,636090.0,534697.0,224.0381945278532
2023,Privada,Urbana,Extinta,1901,0.0,0.0,0.0,0.0
2023,Privada,Urbana,Paralisada,8145,0.0,0.0,0.0,0.0
2024,Estadual,Rural,Ativa,5209,818814.0,70887.0,48363.0,157.19216740257247
2024,Estadual,Rural,Extinta,74,0.0,0.0,0.0,0.0
2024,Estadual,Rural,Paralisada,1541,0.0,0.0,0.0,0.0
2024,Estadual,Urbana,Ativa,24349,13234036.0,716931.0,470106.0,543.5145591194711
2024,Estadual,Urbana,Extinta,135,0.0,0.0,0.0,0.0
2024,Estadual,Urbana,Paralisada,1946,0.0,0.0,0.0,0.0
2024,Federal,Rural,Ativa,94,50100.0,4790.0,1745.0,532.9787234042553
2024,Federal,Rural,Paralisada,3,0.0,0.0,0.0,0.0
2024,Federal,Urbana,Ativa,614,333422.0,33658.0,12278.0,543.0325732899023
2024,Federal,Urbana,Paralisada,13,0.0,0.0,0.0,0.0
2024,Municipal,Rural,Ativa,45297,4196212.0,315225.0,264332.0,92.63774642912334
2024,Municipal,Rural,Extinta,1498,0.0,0.0,0.0,0.0
2024,Municipal,Rural,Paralisada,16391,0.0,0.0,0.0,0.0
2024,Municipal,Urbana,Ativa,62284,18938506.0,1141870.0,873986.0,304.06695138398305
2024,Municipal,Urbana,Extinta,331,0.0,0.0,0.0,0.0
2024,Municipal,Urbana,Paralisada,3198,0.0,0.0,0.0,0.0
2024,Privada,Rural,Ativa,703,99333.0,7202.0,6056.0,141.29871977240398
2024,Privada,Rural,Extinta,13,0.0,0.0,0.0,0.0
2024,Privada,Rural,Paralisada,266,0.0,0.0,0.0,0.0
2024,Privada,Urbana,Ativa,42515,9418499.0,648439.0,547188.0,221.53355286369518
2024,Privada,Urbana,Extinta,1108,0.0,0.0,0.0,0.0
2024,Privada,Urbana,Paralisada,7963,0.0,0.0,0.0,0.0
2025,Estadual,Rural,Ativa,5688,825784.0,77645.0,51466.0,145.18002812939523
2025,Estadual,Rural,Extinta,86,0.0,0.0,0.0,0.0
2025,Estadual,Rural,Paralisada,1506,0.0,0.0,0.0,0.0
2025,Estadual,Urbana,Ativa,24310,12504518.0,727364.0,464104.0,514.3775401069519
2025,Estadual,Urbana,Extinta,170,0.0,0.0,0.0,0.0
2025,Estadual,Urbana,Paralisada,1801,0.0,0.0,0.0,0.0
2025,Federal,Rural,Ativa,95,49669.0,5053.0,1732.0,522.8315789473684
2025,Federal,Urbana,Ativa,621,333857.0,34999.0,12466.0,537.6119162640902
2025,Federal,Urbana,Extinta,1,0.0,0.0,0.0,0.0
2025,Federal,Urbana,Paralisada,11,0.0,0.0,0.0,0.0
2025,Municipal,Rural,Ativa,44310,4177408.0,323697.0,267442.0,94.2768675242609
2025,Municipal,Rural,Extinta,1961,0.0,0.0,0.0,0.0
2025,Municipal,Rural,Paralisada,15375,0.0,0.0,0.0,0.0
2025,Municipal,Urbana,Ativa,63062,18881760.0,1171632.0,885154.0,299.4158130094193
2025,Municipal,Urbana,Extinta,308,0.0,0.0,0.0,0.0
2025,Municipal,Urbana,Paralisada,3129,0.0,0.0,0.0,0.0
2025,Privada,Rural,Ativa,670,94353.0,7069.0,5866.0,140.82537313432834
2025,Privada,Rural,Extinta,27,0.0,0.0,0.0,0.0
2025,Privada,Rural,Paralisada,257,0.0,0.0,0.0,0.0
2025,Privada,Urbana,Ativa,41784,9151031.0,644586.0,545746.0,219.008017422937
2025,Privada,Urbana,Extinta,1319,0.0,0.0,0.0,0.0
2025,Privada,Urbana,Paralisada,7701,0.0,0.0,0.0,0.0
