ano_censo,soma_in_regular,soma_in_creche,soma_in_pre_escola,soma_in_fundamental,soma_in_medio,soma_in_eja,soma_in_profissionalizante,soma_in_especial,soma_in_educacao_indigena,soma_in_predio_escolar,soma_in_predio_compartilhado,soma_in_agua_potavel,soma_in_agua_rede_publica,soma_in_agua_poco_artesiano,soma_in_agua_inexistente,soma_in_energia_rede_publica,soma_in_energia_gerador,soma_in_energia_inexistente,soma_qt_mat_bas,soma_qt_mat_fund,soma_qt_mat_med,soma_qt_doc_bas,soma_qt_doc_fund,soma_qt_doc_med,soma_qt_tur_bas,soma_qt_tur_fund,soma_qt_tur_med,preenchidos_in_regular,preenchidos_in_creche,preenchidos_in_pre_escola,preenchidos_in_fundamental,preenchidos_in_medio,preenchidos_in_eja,preenchidos_in_profissionalizante,preenchidos_in_especial,preenchidos_in_educacao_indigena,preenchidos_in_predio_escolar,preenchidos_in_predio_compartilhado,preenchidos_in_agua_potavel,preenchidos_in_agua_rede_publica,preenchidos_in_agua_poco_artesiano,preenchidos_in_agua_inexistente,preenchidos_in_energia_rede_publica,preenchidos_in_energia_gerador,preenchidos_in_energia_inexistente,preenchidos_qt_mat_bas,preenchidos_qt_mat_fund,preenchidos_qt_mat_med,preenchidos_qt_doc_bas,preenchidos_qt_doc_fund,preenchidos_qt_doc_med,preenchidos_qt_tur_bas,preenchidos_qt_tur_fund,preenchidos_qt_tur_med,linhas,pct_preenchido_in_regular,pct_preenchido_in_creche,pct_preenchido_in_pre_escola,pct_preenchido_in_fundamental,pct_preenchido_in_medio,pct_preenchido_in_eja,pct_preenchido_in_profissionalizante,pct_preenchido_in_especial,pct_preenchido_in_educacao_indigena,pct_preenchido_in_predio_escolar,pct_preenchido_in_predio_compartilhado,pct_preenchido_in_agua_potavel,pct_preenchido_in_agua_rede_publica,pct_preenchido_in_agua_poco_artesiano,pct_preenchido_in_agua_inexistente,pct_preenchido_in_energia_rede_publica,pct_preenchido_in_energia_gerador,pct_preenchido_in_energia_inexistente,pct_preenchido_qt_mat_bas,pct_preenchido_qt_mat_fund,pct_preenchido_qt_mat_med,pct_preenchido_qt_doc_bas,pct_preenchido_qt_doc_fund,pct_preenchido_qt_doc_med,pct_preenchido_qt_tur_bas,pct_preenchido_qt_tur_fund,pct_preenchido_qt_tur_med,matriculas_por_docente,turmas_por_docente,pct_escolas_com_creche,pct_escolas_com_medio
1995,222930,0.0,108527,198896,15466,9894,0.0,0.0,0.0,0.0,0.0,0.0,0.0,0.0,0.0,0.0,0.0,0.0,0.0,0.0,0.0,0.0,0.0,0.0,0.0,0.0,0.0,243637,0,243637,243637,243074,243565,0,0,0,0,0,0,0,0,0,0,0,0,0,0,0,0,0,0,0,0,0,243637,1.0,0.0,1.0,1.0,0.9976891851401881,0.9997044783838251,0.0,0.0,0.0,0.0,0.0,0.0,0.0,0.0,0.0,0.0,0.0,0.0,0.0,0.0,0.0,0.0,0.0,0.0,0.0,0.0,0.0,,,0.0,0.06347968494112143
1996,270580,0.0,78871,200006,15202,14685,0.0,0.0,0.0,0.0,0.0,0.0,0.0,0.0,0.0,0.0,0.0,0.0,0.0,0.0,0.0,0.0,0.0,0.0,0.0,0.0,0.0,276731,0,276731,276731,276731,276731,0,0,0,0,0,0,0,0,0,0,0,0,0,0,0,0,0,0,0,0,0,276731,1.0,0.0,1.0,1.0,1.0,1.0,0.0,0.0,0.0,0.0,0.0,0.0,0.0,0.0,0.0,0.0,0.0,0.0,0.0,0.0,0.0,0.0,0.0,0.0,0.0,0.0,0.0,,,0.0,0.05493421409238575
1997,240365,9258.0,87412,215067,13136,16427,0.0,6512.0,0.0,184533.0,0.0,0.0,90343.0,19187.0,27240.0,139305.0,3176.0,83248.0,0.0,0.0,0.0,0.0,0.0,0.0,0.0,0.0,0.0,273951,273951,273951,273951,273951,273951,0,273951,0,225392,0,0,225392,225392,225392,225392,225392,225392,0,0,0,0,0,0,0,0,0,273951,1.0,1.0,1.0,1.0,1.0,1.0,0.0,1.0,0.0,0.8227456734963552,0.0,0.0,0.8227456734963552,0.8227456734963552,0.8227456734963552,0.8227456734963552,0.8227456734963552,0.8227456734963552,0.0,0.0,0.0,0.0,0.0,0.0,0.0,0.0,0.0,,,0.03379436468565546,0.04795018087176174
1998,207660,10519.0,78108,187514,14746,15418,790.0,6562.0,0.0,178182.0,0.0,0.0,93291.0,20696.0,18233.0,139185.0,3148.0,73234.0,0.0,0.0,0.0,0.0,0.0,0.0,0.0,0.0,0.0,267532,267532,267532,267532,267532,267532,267532,267532,0,215130,0,0,215130,215130,215129,215130,215130,215130,0,0,0,0,0,0,0,0,0,267532,1.0,1.0,1.0,1.0,1.0,1.0,1.0,1.0,0.0,0.8041281043015415,0.0,0.0,0.8041281043015415,0.8041281043015415,0.8041243664309317,0.8041281043015415,0.8041281043015415,0.8041281043015415,0.0,0.0,0.0,0.0,0.0,0.0,0.0,0.0,0.0,,,0.03931866094523272,0.055118640013157305
1999,211830,18603.0,80878,183475,16579,17255,6767.0,6716.0,0.0,183800.0,0.0,0.0,101791.0,22898.0,13278.0,150226.0,3296.0,64267.0,0.0,0.0,0.0,0.0,0.0,0.0,0.0,0.0,0.0,266645,266645,266645,266645,266645,266645,266645,266645,0,217375,0,0,217376,217368,217376,217378,217368,217378,0,0,0,0,0,0,0,0,0,266645,1.0,1.0,1.0,1.0,1.0,1.0,1.0,1.0,0.0,0.8152224868270547,0.0,0.0,0.815226237131767,0.8151962346940689,0.815226237131767,0.8152337377411915,0.8151962346940689,0.8152337377411915,0.0,0.0,0.0,0.0,0.0,0.0,0.0,0.0,0.0,,,0.06976691856213317,0.062176301824523245
2000,103232,20917.0,84617,181532,18042,20892,0.0,6751.0,1375.0,186622.0,0.0,0.0,105903.0,24637.0,10752.0,155853.0,3154.0,58229.0,0.0,0.0,0.0,0.0,0.0,0.0,0.0,0.0,0.0,261988,261988,261988,261988,261988,261988,0,261988,50177,217032,0,0,215390,208491,207882,216728,207329,208157,0,0,0,0,0,0,0,0,0,261988,1.0,1.0,1.0,1.0,1.0,1.0,0.0,1.0,0.19152403926897416,0.8284043543979114,0.0,0.0,0.8221368917660351,0.7958036245934929,0.793479090645373,0.8272439959082095,0.7913683069453563,0.7945287570423073,0.0,0.0,0.0,0.0,0.0,0.0,0.0,0.0,0.0,,,0.07983953463517413,0.06886574957631647
2001,111360,25471.0,90682,177808,19221,30160,2334.0,6777.0,1656.0,189618.0,15046.0,0.0,111985.0,25778.0,5416.0,164484.0,2953.0,50569.0,0.0,0.0,0.0,0.0,0.0,0.0,0.0,0.0,0.0,264735,264735,264735,264735,264735,264735,264735,264735,80322,218383,218383,0,218383,218383,218383,218383,218383,218383,0,0,0,0,0,0,0,0,0,264735,1.0,1.0,1.0,1.0,1.0,1.0,1.0,1.0,0.30340529208453737,0.8249117041569872,0.8249117041569872,0.0,0.8249117041569872,0.8249117041569872,0.8249117041569872,0.8249117041569872,0.8249117041569872,0.8249117041569872,0.0,0.0,0.0,0.0,0.0,0.0,0.0,0.0,0.0,,,0.09621319432640188,0.07260468015184997
2002,113864,26832.0,92687,172529,20555,35785,2801.0,6797.0,1725.0,188313.0,16677.0,0.0,114615.0,26899.0,3994.0,166779.0,3457.0,43331.0,0.0,0.0,0.0,0.0,0.0,0.0,0.0,0.0,0.0,256986,256986,256986,256986,256986,256986,256986,256986,92544,214189,204221,0,214189,214189,214189,214189,214189,214189,0,0,0,0,0,0,0,0,0,256986,1.0,1.0,1.0,1.0,1.0,1.0,1.0,1.0,0.3601130022647148,0.833465636260341,0.7946775310717316,0.0,0.833465636260341,0.833465636260341,0.833465636260341,0.833465636260341,0.833465636260341,0.833465636260341,0.0,0.0,0.0,0.0,0.0,0.0,0.0,0.0,0.0,,,0.10441035698442716,0.07998490190127089
2003,117012,28055.0,94741,169096,21414,41446,2789.0,6942.0,2079.0,188215.0,16593.0,0.0,117386.0,27945.0,3927.0,170531.0,3924.0,35433.0,0.0,0.0,0.0,0.0,0.0,0.0,0.0,0.0,0.0,253405,253405,253405,253405,253405,253405,253405,253405,118621,211933,201744,0,211933,211933,211933,211933,211933,211933,0,0,0,0,0,0,0,0,0,253405,1.0,1.0,1.0,1.0,1.0,1.0,1.0,1.0,0.46810836408121387,0.8363410351019119,0.7961326729938241,0.0,0.8363410351019119,0.8363410351019119,0.8363410351019119,0.8363410351019119,0.8363410351019119,0.8363410351019119,0.0,0.0,0.0,0.0,0.0,0.0,0.0,0.0,0.0,,,0.11071210118190249,0.08450504133699019
2004,191252,30266.0,101650,143262,22927,44145,3048.0,6985.0,2233.0,187888.0,12531.0,181442.0,119256.0,28525.0,1908.0,173293.0,3379.0,30330.0,0.0,0.0,0.0,0.0,0.0,0.0,0.0,0.0,0.0,248257,248257,248257,248257,248257,248257,248257,248257,220807,210068,208042,210094,210010,210075,210094,210090,209904,210094,0,0,0,0,0,0,0,0,0,248257,1.0,1.0,1.0,1.0,1.0,1.0,1.0,1.0,0.8894290996829898,0.8461715077520473,0.8380106099727299,0.8462762379308539,0.8459378788916324,0.8461997043386491,0.8462762379308539,0.8462601255956529,0.8455109020088054,0.8462762379308539,0.0,0.0,0.0,0.0,0.0,0.0,0.0,0.0,0.0,,,0.12191398429852934,0.0923518772884551
2005,186955,32296.0,105616,136114,23505,44839,3231.0,42745.0,2327.0,186535.0,12459.0,180626.0,121049.0,29160.0,1078.0,174337.0,3729.0,26343.0,0.0,0.0,0.0,0.0,0.0,0.0,0.0,0.0,0.0,248103,248103,248103,248103,248103,248103,248103,248103,248103,207234,207234,207234,207234,207234,207234,207234,207234,207234,0,0,0,0,0,0,0,0,0,248103,1.0,1.0,1.0,1.0,1.0,1.0,1.0,1.0,1.0,0.8352740595639714,0.8352740595639714,0.8352740595639714,0.8352740595639714,0.8352740595639714,0.8352740595639714,0.8352740595639714,0.8352740595639714,0.8352740595639714,0.0,0.0,0.0,0.0,0.0,0.0,0.0,0.0,0.0,,,0.13017174318730526,0.09473887861089951
2006,178025,34680.0,107376,118419,24037,46624,3335.0,54435.0,2423.0,184662.0,12250.0,180093.0,122314.0,28644.0,667.0,175974.0,3692.0,21840.0,0.0,0.0,0.0,0.0,0.0,0.0,0.0,0.0,0.0,241817,241817,241817,241817,241817,241817,241817,241817,203973,203973,203973,203973,203973,203973,203973,203973,203973,203973,0,0,0,0,0,0,0,0,0,241817,1.0,1.0,1.0,1.0,1.0,1.0,1.0,1.0,0.8435014907967595,0.8435014907967595,0.8435014907967595,0.8435014907967595,0.8435014907967595,0.8435014907967595,0.8435014907967595,0.8435014907967595,0.8435014907967595,0.8435014907967595,0.0,0.0,0.0,0.0,0.0,0.0,0.0,0.0,0.0,,,0.14341423473122236,0.09940161361690865
2007,194166,40072.0,106234,156934,24366,43804,4698.0,59130.0,2550.0,180902.0,13675.0,0.0,123590.0,29023.0,1268.0,173999.0,3812.0,19028.0,53028928.0,32346623.0,8372175.0,2318003.0,1550143.0,481777.0,2098756.0,1292614.0,243755.0,198397,198397,198397,198507,198397,198397,198507,198507,198507,198507,198507,0,198507,198507,198507,198507,198507,198506,198397,198397,198397,194431,194431,194431,198397,198397,198397,198507,0.9994458633700575,0.9994458633700575,0.9994458633700575,1.0,0.9994458633700575,0.9994458633700575,1.0,1.0,1.0,1.0,1.0,0.0,1.0,1.0,1.0,1.0,1.0,0.9999949623942732,0.9994458633700575,0.9994458633700575,0.9994458633700575,0.9794667190577663,0.9794667190577663,0.9794667190577663,0.9994458633700575,0.9994458633700575,0.9994458633700575,22.876988511231435,0.9054155667615615,0.20186693668233363,0.12274630113799513
2008,195607,42431.0,108503,156867,25476,42901,4905.0,65515.0,2700.0,184943.0,12739.0,0.0,125774.0,29973.0,947.0,177164.0,3913.0,17795.0,53232868.0,32288826.0,8368868.0,2487223.0,1647822.0,540150.0,2138582.0,1309803.0,248553.0,205699,205699,205699,205699,205699,205699,205699,205699,205699,205699,205699,205699,205699,205699,205699,205699,205699,205699,205699,205699,205699,205699,205699,205699,205699,205699,205699,205699,1.0,1.0,1.0,1.0,1.0,1.0,1.0,1.0,1.0,1.0,1.0,1.0,1.0,1.0,1.0,1.0,1.0,1.0,1.0,1.0,1.0,1.0,1.0,1.0,1.0,1.0,1.0,21.402531256746983,0.859827204878694,0.2062771330925284,0.123850869474329
2009,193229,44033.0,108179,154331,25964,41660,5177.0,71338.0,2698.0,183697.0,11665.0,0.0,127632.0,30192.0,881.0,178081.0,4002.0,15367.0,52580452.0,31868172.0,8338423.0,2533470.0,1666899.0,553573.0,2145029.0,1310662.0,251684.0,203455,203455,203455,203455,203455,203455,203455,203455,203455,203455,203455,203455,203455,203455,203455,203455,203455,203455,203455,203455,203455,203455,203455,203455,203455,203455,203455,203455,1.0,1.0,1.0,1.0,1.0,1.0,1.0,1.0,1.0,1.0,1.0,1.0,1.0,1.0,1.0,1.0,1.0,1.0,1.0,1.0,1.0,1.0,1.0,1.0,1.0,1.0,1.0,20.754321937895455,0.8466762977260437,0.2164262367599715,0.1276154432184021
2010,190648,46908.0,107955,150985,26519,40442,6102.0,87590.0,2890.0,183146.0,11170.0,0.0,128980.0,30177.0,973.0,178779.0,3610.0,13143.0,51549889.0,31148207.0,8358647.0,2572700.0,1675467.0,573730.0,2150472.0,1305662.0,257915.0,200876,200876,200876,200876,200876,200876,200876,200876,200876,200876,200876,200876,200876,200876,200876,200876,200876,200876,200876,200876,200876,200876,200876,200876,200876,200876,200876,200876,1.0,1.0,1.0,1.0,1.0,1.0,1.0,1.0,1.0,1.0,1.0,1.0,1.0,1.0,1.0,1.0,1.0,1.0,1.0,1.0,1.0,1.0,1.0,1.0,1.0,1.0,1.0,20.037271737862945,0.8358813697671706,0.23351719468726975,0.13201676656245645
2011,188525,49582.0,107613,148184,26973,39016,6552.0,95923.0,2954.0,183156.0,10992.0,0.0,129723.0,28721.0,8194.0,179449.0,3279.0,11471.0,50972619.0,30490476.0,8401829.0,2608581.0,1678458.0,583341.0,2155952.0,1291275.0,263829.0,242147,242147,242147,242147,242147,242147,242147,242147,242147,242147,242147,242147,242147,242147,242147,242147,242147,242147,242147,242147,242147,242147,242147,242147,242147,242147,242147,242147,1.0,1.0,1.0,1.0,1.0,1.0,1.0,1.0,1.0,1.0,1.0,1.0,1.0,1.0,1.0,1.0,1.0,1.0,1.0,1.0,1.0,1.0,1.0,1.0,1.0,1.0,1.0,19.540362748942815,0.8264845906644264,0.20475991856186532,0.11139101454901361
2012,188176,53549.0,109004,146621,27190,38005,6696.0,100984.0,2957.0,183360.0,10430.0,0.0,131794.0,28835.0,8172.0,180826.0,3115.0,10185.0,50545050.0,29826627.0,8377942.0,2672767.0,1695708.0,592386.0,2173607.0,1283681.0,267053.0,242136,242136,242136,242136,242136,242136,242136,242136,242136,242136,242136,242136,242136,242136,242136,242136,242136,242136,242136,242136,242136,242136,242136,242136,242136,242136,242136,242136,1.0,1.0,1.0,1.0,1.0,1.0,1.0,1.0,1.0,1.0,1.0,1.0,1.0,1.0,1.0,1.0,1.0,1.0,1.0,1.0,1.0,1.0,1.0,1.0,1.0,1.0,1.0,18.911132171266708,0.8132422317396166,0.22115257541216507,0.11229226550368387
2013,186102,56870.0,108470,143170,27479,38265,7157.0,102129.0,3061.0,181608.0,9649.0,0.0,132918.0,27990.0,8826.0,180869.0,3076.0,8211.0,50042448.0,29187602.0,8314048.0,2732597.0,1700477.0,610568.0,2186922.0,1270946.0,268626.0,242680,242680,242680,242680,242680,242680,242680,242680,242680,242680,242680,242680,242680,242680,242680,242680,242680,242680,242680,242680,242680,242680,242680,242680,242680,242680,242680,242680,1.0,1.0,1.0,1.0,1.0,1.0,1.0,1.0,1.0,1.0,1.0,1.0,1.0,1.0,1.0,1.0,1.0,1.0,1.0,1.0,1.0,1.0,1.0,1.0,1.0,1.0,1.0,18.31314606581212,0.8003090100735674,0.23434151969671996,0.11323141585627164
2014,183576,59408.0,107533,139504,27778,36761,7595.0,105593.0,3136.0,180394.0,9286.0,0.0,133628.0,27684.0,9374.0,179691.0,2873.0,7482.0,49771371.0,28571512.0,8301380.0,2785472.0,1701240.0,629455.0,2186920.0,1247709.0,270148.0,242929,242929,242929,242929,242929,242929,242929,242929,242929,242929,242929,242929,242929,242929,242929,242929,242929,242929,242929,242929,242929,242929,242929,242929,242929,242929,242929,242929,1.0,1.0,1.0,1.0,1.0,1.0,1.0,1.0,1.0,1.0,1.0,1.0,1.0,1.0,1.0,1.0,1.0,1.0,1.0,1.0,1.0,1.0,1.0,1.0,1.0,1.0,1.0,17.86820007524757,0.7851164901316545,0.24454881879067547,0.11434616698706207
2015,181243,63221.0,105985,135939,28025,34589,8040.0,108695.0,3085.0,179191.0,15212.0,0.0,134547.0,27261.0,8159.0,179084.0,2925.0,6263.0,48796512.0,27931210.0,8076150.0,2784910.0,1688607.0,630840.0,2164640.0,1225832.0,267382.0,237879,237879,237879,237879,237879,237879,237879,237879,237879,237879,237879,237879,237879,237879,237879,237879,237879,237879,237879,237879,237879,237879,237879,237879,237879,237879,237879,237879,1.0,1.0,1.0,1.0,1.0,1.0,1.0,1.0,1.0,1.0,1.0,1.0,1.0,1.0,1.0,1.0,1.0,1.0,1.0,1.0,1.0,1.0,1.0,1.0,1.0,1.0,1.0,17.52175546067916,0.7772746695584417,0.2657695719252225,0.11781199685554421
2016,181205,65249.0,106204,134523,28354,31964,7937.0,110333.0,3212.0,179193.0,10319.0,0.0,135599.0,27553.0,6882.0,178980.0,2955.0,5638.0,48817479.0,27691478.0,8133040.0,2802003.0,1688677.0,633370.0,2171013.0,1216886.0,266795.0,237506,237506,237506,237506,237506,237506,237506,237506,237506,237506,237506,237506,237506,237506,237506,237506,237506,237506,237506,237506,237506,237506,237506,237506,237506,237506,237506,237506,1.0,1.0,1.0,1.0,1.0,1.0,1.0,1.0,1.0,1.0,1.0,1.0,1.0,1.0,1.0,1.0,1.0,1.0,1.0,1.0,1.0,1.0,1.0,1.0,1.0,1.0,1.0,17.422350725534557,0.7748075216193558,0.2747256911404343,0.11938224718533426
2017,179379,67902.0,105200,131606,28558,32262,6926.0,114912.0,3307.0,178188.0,9414.0,0.0,136262.0,27065.0,5847.0,177649.0,2915.0,4980.0,48608093.0,27348080.0,7930384.0,2791496.0,1672811.0,623331.0,2169220.0,1204695.0,260698.0,236481,236481,236481,236481,236481,236481,236481,236481,236481,236481,236481,236481,236481,236481,236481,236481,236481,236481,236481,236481,236481,236481,236481,236481,236481,236481,236481,236481,1.0,1.0,1.0,1.0,1.0,1.0,1.0,1.0,1.0,1.0,1.0,1.0,1.0,1.0,1.0,1.0,1.0,1.0,1.0,1.0,1.0,1.0,1.0,1.0,1.0,1.0,1.0,17.412918736046908,0.7770815362085419,0.2871351186776105,0.12076234454353627
2018,177165,69745.0,103260,128371,28673,31184,6769.0,119522.0,3357.0,175967.0,8982.0,0.0,136044.0,27546.0,5019.0,176451.0,2845.0,4259.0,48455867.0,27183970.0,7709929.0,2835306.0,1679990.0,630139.0,2163997.0,1191180.0,255575.0,236460,236460,236460,236460,236460,236460,236460,236460,236460,236460,236460,236460,236460,236460,236460,236460,236460,236460,236460,236460,236460,236460,236460,236460,236460,236460,236460,236460,1.0,1.0,1.0,1.0,1.0,1.0,1.0,1.0,1.0,1.0,1.0,1.0,1.0,1.0,1.0,1.0,1.0,1.0,1.0,1.0,1.0,1.0,1.0,1.0,1.0,1.0,1.0,17.090171925005624,0.7632322578233178,0.29495474921762665,0.12125940962530661
2019,175898,71403.0,102335,126166,28860,29763,6410.0,123094.0,3380.0,177167.0,8661.0,171256.0,137107.0,28160.0,3789.0,175994.0,1795.0,4185.0,47874246.0,26923730.0,7465891.0,2813042.0,1662703.0,625287.0,2160089.0,1181967.0,252117.0,228521,228521,228521,228521,228521,228521,228521,228521,228521,228521,228521,228521,228521,228521,228521,228521,228521,228521,228521,228521,228521,228521,228521,228521,228521,228521,228521,228521,1.0,1.0,1.0,1.0,1.0,1.0,1.0,1.0,1.0,1.0,1.0,1.0,1.0,1.0,1.0,1.0,1.0,1.0,1.0,1.0,1.0,1.0,1.0,1.0,1.0,1.0,1.0,17.01867444567127,0.7678836647302102,0.3124570608390476,0.12629036281129524
2020,174867,70894.0,101012,124840,28933,27920,6798.0,123532.0,3362.0,176795.0,8212.0,171174.0,136977.0,28266.0,3466.0,175010.0,1924.0,3818.0,47295294.0,26718830.0,7550753.0,2757776.0,1645476.0,615689.0,2142065.0,1175347.0,249610.0,224229,224229,224229,224229,224229,224229,224229,224229,224229,224229,224229,224229,224229,224229,224229,224229,224229,224229,224229,224229,224229,224229,224229,224229,224229,224229,224229,224229,1.0,1.0,1.0,1.0,1.0,1.0,1.0,1.0,1.0,1.0,1.0,1.0,1.0,1.0,1.0,1.0,1.0,1.0,1.0,1.0,1.0,1.0,1.0,1.0,1.0,1.0,1.0,17.14979534233382,0.7767363991854306,0.31616784626431016,0.1290332650995188
2021,173700,69865.0,99895,123585,29167,29242,7215.0,124072.0,3466.0,175423.0,8139.0,171575.0,136742.0,28183.0,3605.0,174185.0,2019.0,3423.0,46668401.0,26515601.0,7770557.0,2846169.0,1688287.0,662448.0,2128776.0,1170584.0,257848.0,221140,221140,221140,221140,221140,221140,221140,221140,221140,221140,221140,221140,221140,221140,221140,221140,221140,221140,221140,221140,221140,221140,221140,221140,221140,221140,221140,221140,1.0,1.0,1.0,1.0,1.0,1.0,1.0,1.0,1.0,1.0,1.0,1.0,1.0,1.0,1.0,1.0,1.0,1.0,1.0,1.0,1.0,1.0,1.0,1.0,1.0,1.0,1.0,16.396918454244986,0.7479443420260709,0.31593108438093515,0.13189382291760876
2022,173681,74367.0,99743,168772,29413,30188,54953.0,178952.0,3599.0,175725.0,8242.0,172542.0,137931.0,28413.0,3268.0,174388.0,224649.0,3073.0,47382074.0,26452228.0,7866695.0,2924306.0,1691311.0,666162.0,2190502.0,1180040.0,266874.0,180073,178346,178346,224649,178346,178346,224649,224649,180073,180073,175725,180073,180073,180073,180073,180073,224649,180073,178346,178346,178346,178111,178111,178111,178346,178346,178346,224649,0.8015749012904576,0.7938873531598182,0.7938873531598182,1.0,0.7938873531598182,0.7938873531598182,1.0,1.0,0.8015749012904576,0.8015749012904576,0.7822202636112335,0.8015749012904576,0.8015749012904576,0.8015749012904576,0.8015749012904576,0.8015749012904576,1.0,0.8015749012904576,0.7938873531598182,0.7938873531598182,0.7938873531598182,0.7928412768363091,0.7928412768363091,0.7928412768363091,0.7938873531598182,0.7938873531598182,0.7938873531598182,16.202844025214873,0.7490673000705125,0.33103641681022394,0.13092869320584558
2023,173734,76648.0,99796,160499,29754,30322,48312.0,179253.0,3628.0,176052.0,8248.0,172318.0,139366.0,28555.0,3063.0,174594.0,1993.0,2585.0,47304632.0,26108208.0,7676743.0,2934558.0,1684437.0,643945.0,2212677.0,1172188.0,267239.0,180230,178476,178476,217625,178476,178476,217625,217625,180230,180230,176052,180230,180230,180230,180230,180230,180230,180230,178476,178476,178476,178246,178246,178246,178476,178476,178476,217625,0.8281677197013211,0.8201079839172889,0.8201079839172889,1.0,0.8201079839172889,0.8201079839172889,1.0,1.0,0.8281677197013211,0.8281677197013211,0.8089695577254451,0.8281677197013211,0.8281677197013211,0.8281677197013211,0.8281677197013211,0.8281677197013211,0.8281677197013211,0.8281677197013211,0.8201079839172889,0.8201079839172889,0.8201079839172889,0.8190511200459506,0.8190511200459506,0.8190511200459506,0.8201079839172889,0.8201079839172889,0.8201079839172889,16.119849053929077,0.7540069066619232,0.35220218265364733,0.13672142446869615
2024,174433,78070.0,100135,157194,29993,28895,47683.0,181635.0,3609.0,177264.0,8214.0,174407.0,140976.0,29226.0,2532.0,175426.0,2015.0,2237.0,47088922.0,26002356.0,7790396.0,2939002.0,1692127.0,643456.0,2224054.0,1172407.0,269484.0,181065,179286,179286,215545,179286,179286,215545,215545,181065,181065,177264,181065,181065,181065,181065,181065,181065,181065,179286,179286,179286,178997,178997,178997,179286,179286,179286,215545,0.8400334036976037,0.8317799067480108,0.8317799067480108,1.0,0.8317799067480108,0.8317799067480108,1.0,1.0,0.8400334036976037,0.8400334036976037,0.8223990350042915,0.8400334036976037,0.8400334036976037,0.8400334036976037,0.8400334036976037,0.8400334036976037,0.8400334036976037,0.8400334036976037,0.8317799067480108,0.8317799067480108,0.8317799067480108,0.8304391194414159,0.8304391194414159,0.8304391194414159,0.8317799067480108,0.8317799067480108,0.8317799067480108,16.02207892338964,0.7567378314135207,0.36219814887842444,0.1391495975318379
2025,173664,112314.0,132411,151321,62767,63348,50417.0,3854.0,3712.0,177547.0,8025.0,174355.0,141839.0,30490.0,1207.0,174882.0,1903.0,1801.0,46018380.0,25806767.0,7370879.0,2992045.0,1718481.0,670709.0,2233976.0,1173351.0,278513.0,180540,214192,214192,214192,214192,214192,214192,180540,180540,180540,180540,180540,180540,180540,180540,180540,180540,180540,178766,178766,178766,178772,178772,178772,178772,178772,178772,214192,0.8428886232912527,1.0,1.0,1.0,1.0,1.0,1.0,0.8428886232912527,0.8428886232912527,0.8428886232912527,0.8428886232912527,0.8428886232912527,0.8428886232912527,0.8428886232912527,0.8428886232912527,0.8428886232912527,0.8428886232912527,0.8428886232912527,0.8346063345036229,0.8346063345036229,0.8346063345036229,0.8346343467543139,0.8346343467543139,0.8346343467543139,0.8346343467543139,0.8346343467543139,0.8346343467543139,15.380243278426628,0.7466385030973799,0.5243613206842459,0.2930408231866736
